is_warmup,round,order_position,variant,workflow_file,run_id,run_attempt,run_url,sha,conclusion,metrics_artifact_found,created_at,workload_started_at,workload_completed_at,workflow_completed_at,queue_delay_sec,workload_duration_sec,end_to_end_duration_sec,backend_job_duration_sec,frontend_job_duration_sec,workload_runner_time_sec,total_runner_time_sec,backend_install_sec,backend_test_sec,frontend_install_sec,frontend_lint_sec,frontend_test_sec,frontend_build_sec,backend_conclusion,frontend_conclusion,metrics_conclusion,failed_step
true,0,1,baseline,ci-baseline.yml,33524047053,1,https://github.com/jelenadoric/diplomski-task-manager/actions/runs/33524047053,a693c3be73089c158f0cb556b9358606c895662a,success,true,2026-09-01T15:10:00Z,2026-09-01T15:10:05Z,2026-09-01T15:11:03Z,2026-09-01T15:11:14Z,5.0,58.0,74.0,58.0,28.0,86.0,94.0,4.0,23.0,3.0,3.0,9.0,1.0,success,success,success,
true,0,2,composite,ci-composite.yml,33524205922,1,https://github.com/jelenadoric/diplomski-task-manager/actions/runs/33524205922,a693c3be73089c158f0cb556b9358606c895662a,success,true,2026-09-01T15:11:30Z,2026-09-01T15:11:34Z,2026-09-01T15:12:22Z,2026-09-01T15:12:28Z,4.0,48.0,58.0,47.0,33.0,80.0,83.0,4.0,21.0,9.0,3.0,6.0,1.0,success,success,success,
true,0,3,reusable,ci-reusable.yml,33524325927,1,https://github.com/jelenadoric/diplomski-task-manager/actions/runs/33524325927,a693c3be73089c158f0cb556b9358606c895662a,success,true,2026-09-01T15:12:38Z,2026-09-01T15:12:42Z,2026-09-01T15:13:27Z,2026-09-01T15:13:36Z,4.0,45.0,58.0,45.0,28.0,73.0,79.0,5.0,22.0,4.0,5.0,10.0,0.0,success,success,success,
false,1,1,baseline,ci-baseline.yml,33524435256,1,https://github.com/jelenadoric/diplomski-task-manager/actions/runs/33524435256,a693c3be73089c158f0cb556b9358606c895662a,success,true,2026-09-01T15:13:46Z,2026-09-01T15:13:50Z,2026-09-01T15:14:41Z,2026-09-01T15:14:48Z,4.0,51.0,62.0,51.0,37.0,88.0,92.0,3.0,23.0,3.0,5.0,11.0,1.0,success,success,success,
false,1,2,composite,ci-composite.yml,33524558895,1,https://github.com/jelenadoric/diplomski-task-manager/actions/runs/33524558895,a693c3be73089c158f0cb556b9358606c895662a,success,true,2026-09-01T15:14:55Z,2026-09-01T15:14:58Z,2026-09-01T15:15:48Z,2026-09-01T15:15:56Z,3.0,50.0,61.0,49.0,32.0,81.0,86.0,4.0,20.0,4.0,3.0,12.0,0.0,success,success,success,
false,1,3,reusable,ci-reusable.yml,33524678809,1,https://github.com/jelenadoric/diplomski-task-manager/actions/runs/33524678809,a693c3be73089c158f0cb556b9358606c895662a,success,true,2026-09-01T15:16:04Z,2026-09-01T15:16:08Z,2026-09-01T15:16:56Z,2026-09-01T15:17:03Z,4.0,48.0,59.0,48.0,32.0,80.0,84.0,4.0,21.0,4.0,3.0,12.0,0.0,success,success,success,
false,2,1,composite,ci-composite.yml,33524794514,1,https://github.com/jelenadoric/diplomski-task-manager/actions/runs/33524794514,a693c3be73089c158f0cb556b9358606c895662a,success,true,2026-09-01T15:17:12Z,2026-09-01T15:17:15Z,2026-09-01T15:18:00Z,2026-09-01T15:18:08Z,3.0,45.0,56.0,45.0,31.0,76.0,81.0,5.0,20.0,4.0,4.0,11.0,1.0,success,success,success,
false,2,2,reusable,ci-reusable.yml,33524906216,1,https://github.com/jelenadoric/diplomski-task-manager/actions/runs/33524906216,a693c3be73089c158f0cb556b9358606c895662a,success,true,2026-09-01T15:18:20Z,2026-09-01T15:18:25Z,2026-09-01T15:19:15Z,2026-09-01T15:19:21Z,5.0,50.0,61.0,50.0,33.0,83.0,87.0,5.0,21.0,6.0,2.0,7.0,1.0,success,success,success,
false,2,3,baseline,ci-baseline.yml,33525024539,1,https://github.com/jelenadoric/diplomski-task-manager/actions/runs/33525024539,a693c3be73089c158f0cb556b9358606c895662a,success,true,2026-09-01T15:19:29Z,2026-09-01T15:19:33Z,2026-09-01T15:20:57Z,2026-09-01T15:21:05Z,4.0,84.0,96.0,84.0,37.0,121.0,127.0,4.0,39.0,3.0,4.0,11.0,1.0,success,success,success,
false,3,1,reusable,ci-reusable.yml,33525216053,1,https://github.com/jelenadoric/diplomski-task-manager/actions/runs/33525216053,a693c3be73089c158f0cb556b9358606c895662a,success,true,2026-09-01T15:21:19Z,2026-09-01T15:21:23Z,2026-09-01T15:22:06Z,2026-09-01T15:22:13Z,4.0,43.0,54.0,43.0,25.0,68.0,72.0,4.0,22.0,4.0,4.0,10.0,1.0,success,success,success,
false,3,2,baseline,ci-baseline.yml,33525338568,1,https://github.com/jelenadoric/diplomski-task-manager/actions/runs/33525338568,a693c3be73089c158f0cb556b9358606c895662a,success,true,2026-09-01T15:22:28Z,2026-09-01T15:22:31Z,2026-09-01T15:23:21Z,2026-09-01T15:23:31Z,3.0,50.0,63.0,50.0,25.0,75.0,81.0,3.0,23.0,2.0,3.0,8.0,1.0,success,success,success,
false,3,3,composite,ci-composite.yml,33525471452,1,https://github.com/jelenadoric/diplomski-task-manager/actions/runs/33525471452,a693c3be73089c158f0cb556b9358606c895662a,success,true,2026-09-01T15:23:47Z,2026-09-01T15:23:51Z,2026-09-01T15:24:40Z,2026-09-01T15:24:46Z,4.0,49.0,59.0,49.0,32.0,81.0,84.0,4.0,21.0,4.0,3.0,10.0,0.0,success,success,success,
false,4,1,baseline,ci-baseline.yml,33525591137,1,https://github.com/jelenadoric/diplomski-task-manager/actions/runs/33525591137,a693c3be73089c158f0cb556b9358606c895662a,success,true,2026-09-01T15:24:56Z,2026-09-01T15:24:59Z,2026-09-01T15:25:53Z,2026-09-01T15:26:09Z,3.0,54.0,73.0,54.0,28.0,82.0,89.0,4.0,23.0,3.0,3.0,9.0,1.0,success,success,success,
false,4,2,composite,ci-composite.yml,33525744790,1,https://github.com/jelenadoric/diplomski-task-manager/actions/runs/33525744790,a693c3be73089c158f0cb556b9358606c895662a,success,true,2026-09-01T15:26:25Z,2026-09-01T15:26:29Z,2026-09-01T15:27:18Z,2026-09-01T15:27:26Z,4.0,49.0,61.0,49.0,23.0,72.0,77.0,4.0,22.0,4.0,3.0,9.0,1.0,success,success,success,
false,4,3,reusable,ci-reusable.yml,33525857747,1,https://github.com/jelenadoric/diplomski-task-manager/actions/runs/33525857747,a693c3be73089c158f0cb556b9358606c895662a,success,true,2026-09-01T15:27:33Z,2026-09-01T15:27:38Z,2026-09-01T15:28:27Z,2026-09-01T15:28:35Z,5.0,49.0,62.0,49.0,30.0,79.0,84.0,4.0,20.0,4.0,5.0,9.0,1.0,success,success,success,
false,5,1,composite,ci-composite.yml,33525970709,1,https://github.com/jelenadoric/diplomski-task-manager/actions/runs/33525970709,a693c3be73089c158f0cb556b9358606c895662a,success,true,2026-09-01T15:28:42Z,2026-09-01T15:28:45Z,2026-09-01T15:29:29Z,2026-09-01T15:29:38Z,3.0,44.0,56.0,44.0,29.0,73.0,80.0,5.0,20.0,3.0,2.0,10.0,1.0,success,success,success,
false,5,2,reusable,ci-reusable.yml,33526090051,1,https://github.com/jelenadoric/diplomski-task-manager/actions/runs/33526090051,a693c3be73089c158f0cb556b9358606c895662a,success,true,2026-09-01T15:29:51Z,2026-09-01T15:29:56Z,2026-09-01T15:31:12Z,2026-09-01T15:31:21Z,5.0,76.0,90.0,76.0,32.0,108.0,114.0,4.0,36.0,4.0,4.0,10.0,0.0,success,success,success,
false,5,3,baseline,ci-baseline.yml,33526267069,1,https://github.com/jelenadoric/diplomski-task-manager/actions/runs/33526267069,a693c3be73089c158f0cb556b9358606c895662a,success,true,2026-09-01T15:31:31Z,2026-09-01T15:32:40Z,2026-09-01T15:33:31Z,2026-09-01T15:33:38Z,69.0,51.0,127.0,51.0,39.0,90.0,95.0,3.0,21.0,3.0,3.0,9.0,1.0,success,success,success,
false,6,1,reusable,ci-reusable.yml,33526497014,1,https://github.com/jelenadoric/diplomski-task-manager/actions/runs/33526497014,a693c3be73089c158f0cb556b9358606c895662a,success,true,2026-09-01T15:33:53Z,2026-09-01T15:33:57Z,2026-09-01T15:34:45Z,2026-09-01T15:34:59Z,4.0,48.0,66.0,48.0,28.0,76.0,86.0,3.0,22.0,5.0,3.0,10.0,1.0,success,success,success,
false,6,2,baseline,ci-baseline.yml,33526628418,1,https://github.com/jelenadoric/diplomski-task-manager/actions/runs/33526628418,a693c3be73089c158f0cb556b9358606c895662a,success,true,2026-09-01T15:35:11Z,2026-09-01T15:35:15Z,2026-09-01T15:36:12Z,2026-09-01T15:36:22Z,4.0,57.0,71.0,56.0,30.0,86.0,93.0,5.0,23.0,3.0,3.0,11.0,1.0,success,success,success,
false,6,3,composite,ci-composite.yml,33526764392,1,https://github.com/jelenadoric/diplomski-task-manager/actions/runs/33526764392,a693c3be73089c158f0cb556b9358606c895662a,success,true,2026-09-01T15:36:30Z,2026-09-01T15:36:33Z,2026-09-01T15:37:20Z,2026-09-01T15:37:28Z,3.0,47.0,58.0,47.0,24.0,71.0,76.0,5.0,23.0,4.0,2.0,6.0,1.0,success,success,success,
false,7,1,baseline,ci-baseline.yml,33526880635,1,https://github.com/jelenadoric/diplomski-task-manager/actions/runs/33526880635,a693c3be73089c158f0cb556b9358606c895662a,success,true,2026-09-01T15:37:38Z,2026-09-01T15:37:43Z,2026-09-01T15:38:54Z,2026-09-01T15:39:04Z,5.0,71.0,86.0,71.0,35.0,106.0,112.0,3.0,30.0,2.0,3.0,7.0,1.0,success,success,success,
false,7,2,composite,ci-composite.yml,33527050357,1,https://github.com/jelenadoric/diplomski-task-manager/actions/runs/33527050357,a693c3be73089c158f0cb556b9358606c895662a,success,true,2026-09-01T15:39:18Z,2026-09-01T15:39:22Z,2026-09-01T15:40:36Z,2026-09-01T15:40:44Z,4.0,74.0,86.0,74.0,26.0,100.0,105.0,5.0,33.0,3.0,4.0,10.0,1.0,success,success,success,
false,7,3,reusable,ci-reusable.yml,33527222866,1,https://github.com/jelenadoric/diplomski-task-manager/actions/runs/33527222866,a693c3be73089c158f0cb556b9358606c895662a,success,true,2026-09-01T15:40:59Z,2026-09-01T15:41:03Z,2026-09-01T15:41:50Z,2026-09-01T15:41:57Z,4.0,47.0,58.0,46.0,25.0,71.0,75.0,4.0,22.0,4.0,3.0,10.0,1.0,success,success,success,
false,8,1,composite,ci-composite.yml,33527338939,1,https://github.com/jelenadoric/diplomski-task-manager/actions/runs/33527338939,a693c3be73089c158f0cb556b9358606c895662a,success,true,2026-09-01T15:42:07Z,2026-09-01T15:42:11Z,2026-09-01T15:43:00Z,2026-09-01T15:43:08Z,4.0,49.0,61.0,48.0,29.0,77.0,82.0,4.0,21.0,4.0,5.0,10.0,1.0,success,success,success,
false,8,2,reusable,ci-reusable.yml,33527456359,1,https://github.com/jelenadoric/diplomski-task-manager/actions/runs/33527456359,a693c3be73089c158f0cb556b9358606c895662a,success,true,2026-09-01T15:43:15Z,2026-09-01T15:43:18Z,2026-09-01T15:44:07Z,2026-09-01T15:44:13Z,3.0,49.0,58.0,48.0,23.0,71.0,75.0,4.0,21.0,4.0,3.0,9.0,0.0,success,success,success,
false,8,3,baseline,ci-baseline.yml,33527575823,1,https://github.com/jelenadoric/diplomski-task-manager/actions/runs/33527575823,a693c3be73089c158f0cb556b9358606c895662a,success,true,2026-09-01T15:44:23Z,2026-09-01T15:44:27Z,2026-09-01T15:45:17Z,2026-09-01T15:45:27Z,4.0,50.0,64.0,50.0,37.0,87.0,93.0,3.0,20.0,2.0,2.0,8.0,1.0,success,success,success,
false,9,1,reusable,ci-reusable.yml,33527711352,1,https://github.com/jelenadoric/diplomski-task-manager/actions/runs/33527711352,a693c3be73089c158f0cb556b9358606c895662a,success,true,2026-09-01T15:45:42Z,2026-09-01T15:45:46Z,2026-09-01T15:46:26Z,2026-09-01T15:46:36Z,4.0,40.0,54.0,40.0,21.0,61.0,68.0,3.0,19.0,5.0,2.0,6.0,1.0,success,success,success,
false,9,2,baseline,ci-baseline.yml,33527829962,1,https://github.com/jelenadoric/diplomski-task-manager/actions/runs/33527829962,a693c3be73089c158f0cb556b9358606c895662a,success,true,2026-09-01T15:46:50Z,2026-09-01T15:46:54Z,2026-09-01T15:47:44Z,2026-09-01T15:47:52Z,4.0,50.0,62.0,50.0,28.0,78.0,83.0,4.0,23.0,3.0,3.0,9.0,1.0,success,success,success,
false,9,3,composite,ci-composite.yml,33527948612,1,https://github.com/jelenadoric/diplomski-task-manager/actions/runs/33527948612,a693c3be73089c158f0cb556b9358606c895662a,success,true,2026-09-01T15:47:59Z,2026-09-01T15:48:02Z,2026-09-01T15:48:48Z,2026-09-01T15:48:55Z,3.0,46.0,56.0,46.0,33.0,79.0,84.0,5.0,22.0,6.0,3.0,8.0,0.0,success,success,success,
false,10,1,baseline,ci-baseline.yml,33528066544,1,https://github.com/jelenadoric/diplomski-task-manager/actions/runs/33528066544,a693c3be73089c158f0cb556b9358606c895662a,success,true,2026-09-01T15:49:07Z,2026-09-01T15:49:11Z,2026-09-01T15:50:08Z,2026-09-01T15:50:16Z,4.0,57.0,69.0,57.0,31.0,88.0,93.0,4.0,23.0,3.0,3.0,11.0,0.0,success,success,success,
false,10,2,composite,ci-composite.yml,33528208275,1,https://github.com/jelenadoric/diplomski-task-manager/actions/runs/33528208275,a693c3be73089c158f0cb556b9358606c895662a,success,true,2026-09-01T15:50:27Z,2026-09-01T15:50:32Z,2026-09-01T15:51:20Z,2026-09-01T15:51:27Z,5.0,48.0,60.0,48.0,32.0,80.0,84.0,4.0,21.0,5.0,4.0,11.0,1.0,success,success,success,
false,10,3,reusable,ci-reusable.yml,33528329498,1,https://github.com/jelenadoric/diplomski-task-manager/actions/runs/33528329498,a693c3be73089c158f0cb556b9358606c895662a,success,true,2026-09-01T15:51:36Z,2026-09-01T15:51:40Z,2026-09-01T15:52:26Z,2026-09-01T15:52:36Z,4.0,46.0,60.0,45.0,28.0,73.0,79.0,5.0,21.0,4.0,4.0,9.0,1.0,success,success,success,
false,11,1,composite,ci-composite.yml,33528447850,1,https://github.com/jelenadoric/diplomski-task-manager/actions/runs/33528447850,a693c3be73089c158f0cb556b9358606c895662a,success,true,2026-09-01T15:52:45Z,2026-09-01T15:52:49Z,2026-09-01T15:54:36Z,2026-09-01T15:54:42Z,4.0,107.0,117.0,107.0,30.0,137.0,141.0,11.0,56.0,5.0,2.0,10.0,1.0,success,success,success,
false,11,2,reusable,ci-reusable.yml,33528666191,1,https://github.com/jelenadoric/diplomski-task-manager/actions/runs/33528666191,a693c3be73089c158f0cb556b9358606c895662a,success,true,2026-09-01T15:54:57Z,2026-09-01T15:55:00Z,2026-09-01T15:55:48Z,2026-09-01T15:55:54Z,3.0,48.0,57.0,48.0,31.0,79.0,83.0,6.0,21.0,4.0,3.0,11.0,1.0,success,success,success,
false,11,3,baseline,ci-baseline.yml,33528782173,1,https://github.com/jelenadoric/diplomski-task-manager/actions/runs/33528782173,a693c3be73089c158f0cb556b9358606c895662a,success,true,2026-09-01T15:56:05Z,2026-09-01T15:56:09Z,2026-09-01T15:57:45Z,2026-09-01T15:57:51Z,4.0,96.0,106.0,96.0,30.0,126.0,130.0,3.0,50.0,3.0,3.0,9.0,1.0,success,success,success,
false,12,1,reusable,ci-reusable.yml,33528980482,1,https://github.com/jelenadoric/diplomski-task-manager/actions/runs/33528980482,a693c3be73089c158f0cb556b9358606c895662a,success,true,2026-09-01T15:58:06Z,2026-09-01T15:58:10Z,2026-09-01T15:59:37Z,2026-09-01T15:59:45Z,4.0,87.0,99.0,86.0,29.0,115.0,120.0,4.0,21.0,3.0,2.0,8.0,2.0,success,success,success,
false,12,2,baseline,ci-baseline.yml,33529162732,1,https://github.com/jelenadoric/diplomski-task-manager/actions/runs/33529162732,a693c3be73089c158f0cb556b9358606c895662a,success,true,2026-09-01T15:59:57Z,2026-09-01T16:00:01Z,2026-09-01T16:00:49Z,2026-09-01T16:00:58Z,4.0,48.0,61.0,48.0,35.0,83.0,88.0,3.0,21.0,3.0,4.0,11.0,1.0,success,success,success,
false,12,3,composite,ci-composite.yml,33529290094,1,https://github.com/jelenadoric/diplomski-task-manager/actions/runs/33529290094,a693c3be73089c158f0cb556b9358606c895662a,success,true,2026-09-01T16:01:06Z,2026-09-01T16:01:11Z,2026-09-01T16:01:57Z,2026-09-01T16:02:08Z,5.0,46.0,62.0,46.0,29.0,75.0,83.0,5.0,22.0,4.0,3.0,10.0,0.0,success,success,success,
false,13,1,baseline,ci-baseline.yml,33529405281,1,https://github.com/jelenadoric/diplomski-task-manager/actions/runs/33529405281,a693c3be73089c158f0cb556b9358606c895662a,success,true,2026-09-01T16:02:16Z,2026-09-01T16:02:20Z,2026-09-01T16:03:17Z,2026-09-01T16:03:23Z,4.0,57.0,67.0,57.0,36.0,93.0,97.0,3.0,20.0,3.0,4.0,9.0,0.0,success,success,success,
false,13,2,composite,ci-composite.yml,33529534035,1,https://github.com/jelenadoric/diplomski-task-manager/actions/runs/33529534035,a693c3be73089c158f0cb556b9358606c895662a,success,true,2026-09-01T16:03:34Z,2026-09-01T16:03:37Z,2026-09-01T16:05:06Z,2026-09-01T16:05:12Z,3.0,89.0,98.0,88.0,26.0,114.0,118.0,8.0,42.0,4.0,3.0,10.0,1.0,success,success,success,
false,13,3,reusable,ci-reusable.yml,33529711158,1,https://github.com/jelenadoric/diplomski-task-manager/actions/runs/33529711158,a693c3be73089c158f0cb556b9358606c895662a,success,true,2026-09-01T16:05:25Z,2026-09-01T16:05:30Z,2026-09-01T16:06:22Z,2026-09-01T16:06:28Z,5.0,52.0,63.0,51.0,32.0,83.0,87.0,4.0,19.0,5.0,3.0,8.0,1.0,success,success,success,
false,14,1,composite,ci-composite.yml,33529837687,1,https://github.com/jelenadoric/diplomski-task-manager/actions/runs/33529837687,a693c3be73089c158f0cb556b9358606c895662a,success,true,2026-09-01T16:06:44Z,2026-09-01T16:06:48Z,2026-09-01T16:07:50Z,2026-09-01T16:07:59Z,4.0,62.0,75.0,62.0,26.0,88.0,94.0,5.0,20.0,4.0,4.0,10.0,1.0,success,success,success,
false,14,2,reusable,ci-reusable.yml,33529988219,1,https://github.com/jelenadoric/diplomski-task-manager/actions/runs/33529988219,a693c3be73089c158f0cb556b9358606c895662a,success,true,2026-09-01T16:08:14Z,2026-09-01T16:08:18Z,2026-09-01T16:09:02Z,2026-09-01T16:09:10Z,4.0,44.0,56.0,44.0,28.0,72.0,77.0,5.0,22.0,3.0,3.0,8.0,0.0,success,success,success,
false,14,3,baseline,ci-baseline.yml,33530103651,1,https://github.com/jelenadoric/diplomski-task-manager/actions/runs/33530103651,a693c3be73089c158f0cb556b9358606c895662a,success,true,2026-09-01T16:09:24Z,2026-09-01T16:09:28Z,2026-09-01T16:10:39Z,2026-09-01T16:10:48Z,4.0,71.0,84.0,71.0,32.0,103.0,109.0,2.0,32.0,3.0,3.0,9.0,1.0,success,success,success,
false,15,1,reusable,ci-reusable.yml,33530272275,1,https://github.com/jelenadoric/diplomski-task-manager/actions/runs/33530272275,a693c3be73089c158f0cb556b9358606c895662a,success,true,2026-09-01T16:11:03Z,2026-09-01T16:11:07Z,2026-09-01T16:11:52Z,2026-09-01T16:12:01Z,4.0,45.0,58.0,45.0,27.0,72.0,78.0,5.0,22.0,4.0,4.0,10.0,0.0,success,success,success,
false,15,2,baseline,ci-baseline.yml,33530385426,1,https://github.com/jelenadoric/diplomski-task-manager/actions/runs/33530385426,a693c3be73089c158f0cb556b9358606c895662a,success,true,2026-09-01T16:12:12Z,2026-09-01T16:12:15Z,2026-09-01T16:13:03Z,2026-09-01T16:13:12Z,3.0,48.0,60.0,47.0,34.0,81.0,87.0,3.0,20.0,2.0,4.0,7.0,1.0,success,success,success,
false,15,3,composite,ci-composite.yml,33530503029,1,https://github.com/jelenadoric/diplomski-task-manager/actions/runs/33530503029,a693c3be73089c158f0cb556b9358606c895662a,success,true,2026-09-01T16:13:21Z,2026-09-01T16:13:25Z,2026-09-01T16:14:09Z,2026-09-01T16:14:18Z,4.0,44.0,57.0,44.0,29.0,73.0,79.0,3.0,21.0,4.0,3.0,10.0,0.0,success,success,success,
false,16,1,baseline,ci-baseline.yml,33530616419,1,https://github.com/jelenadoric/diplomski-task-manager/actions/runs/33530616419,a693c3be73089c158f0cb556b9358606c895662a,success,true,2026-09-01T16:14:29Z,2026-09-01T16:14:33Z,2026-09-01T16:15:21Z,2026-09-01T16:15:31Z,4.0,48.0,62.0,48.0,30.0,78.0,85.0,3.0,22.0,2.0,3.0,8.0,1.0,success,success,success,
false,16,2,composite,ci-composite.yml,33530729503,1,https://github.com/jelenadoric/diplomski-task-manager/actions/runs/33530729503,a693c3be73089c158f0cb556b9358606c895662a,success,true,2026-09-01T16:15:37Z,2026-09-01T16:15:42Z,2026-09-01T16:16:29Z,2026-09-01T16:16:39Z,5.0,47.0,62.0,47.0,28.0,75.0,81.0,4.0,20.0,4.0,3.0,10.0,1.0,success,success,success,
false,16,3,reusable,ci-reusable.yml,33530839903,1,https://github.com/jelenadoric/diplomski-task-manager/actions/runs/33530839903,a693c3be73089c158f0cb556b9358606c895662a,success,true,2026-09-01T16:16:47Z,2026-09-01T16:16:52Z,2026-09-01T16:17:39Z,2026-09-01T16:17:47Z,5.0,47.0,60.0,47.0,24.0,71.0,77.0,5.0,22.0,3.0,3.0,10.0,0.0,success,success,success,
false,17,1,composite,ci-composite.yml,33530951345,1,https://github.com/jelenadoric/diplomski-task-manager/actions/runs/33530951345,a693c3be73089c158f0cb556b9358606c895662a,success,true,2026-09-01T16:17:56Z,2026-09-01T16:17:59Z,2026-09-01T16:18:48Z,2026-09-01T16:18:56Z,3.0,49.0,60.0,48.0,26.0,74.0,79.0,4.0,21.0,3.0,4.0,10.0,1.0,success,success,success,
false,17,2,reusable,ci-reusable.yml,33531060836,1,https://github.com/jelenadoric/diplomski-task-manager/actions/runs/33531060836,a693c3be73089c158f0cb556b9358606c895662a,success,true,2026-09-01T16:19:05Z,2026-09-01T16:19:08Z,2026-09-01T16:20:02Z,2026-09-01T16:20:11Z,3.0,54.0,66.0,54.0,34.0,88.0,94.0,3.0,23.0,7.0,3.0,9.0,0.0,success,success,success,
false,17,3,baseline,ci-baseline.yml,33531189484,1,https://github.com/jelenadoric/diplomski-task-manager/actions/runs/33531189484,a693c3be73089c158f0cb556b9358606c895662a,success,true,2026-09-01T16:20:24Z,2026-09-01T16:20:27Z,2026-09-01T16:21:29Z,2026-09-01T16:21:37Z,3.0,62.0,73.0,61.0,27.0,88.0,93.0,3.0,22.0,2.0,3.0,9.0,1.0,success,success,success,
false,18,1,reusable,ci-reusable.yml,33531314407,1,https://github.com/jelenadoric/diplomski-task-manager/actions/runs/33531314407,a693c3be73089c158f0cb556b9358606c895662a,success,true,2026-09-01T16:21:44Z,2026-09-01T16:21:47Z,2026-09-01T16:22:39Z,2026-09-01T16:22:47Z,3.0,52.0,63.0,51.0,29.0,80.0,85.0,5.0,20.0,4.0,5.0,10.0,1.0,success,success,success,
false,18,2,baseline,ci-baseline.yml,33531445245,1,https://github.com/jelenadoric/diplomski-task-manager/actions/runs/33531445245,a693c3be73089c158f0cb556b9358606c895662a,success,true,2026-09-01T16:23:02Z,2026-09-01T16:23:05Z,2026-09-01T16:23:56Z,2026-09-01T16:24:02Z,3.0,51.0,60.0,50.0,30.0,80.0,83.0,4.0,22.0,4.0,4.0,9.0,1.0,success,success,success,
false,18,3,composite,ci-composite.yml,33531560730,1,https://github.com/jelenadoric/diplomski-task-manager/actions/runs/33531560730,a693c3be73089c158f0cb556b9358606c895662a,success,true,2026-09-01T16:24:11Z,2026-09-01T16:24:15Z,2026-09-01T16:25:01Z,2026-09-01T16:25:07Z,4.0,46.0,56.0,46.0,31.0,77.0,81.0,5.0,20.0,5.0,3.0,12.0,0.0,success,success,success,
false,19,1,baseline,ci-baseline.yml,33531674488,1,https://github.com/jelenadoric/diplomski-task-manager/actions/runs/33531674488,a693c3be73089c158f0cb556b9358606c895662a,success,true,2026-09-01T16:25:20Z,2026-09-01T16:25:26Z,2026-09-01T16:26:24Z,2026-09-01T16:26:34Z,6.0,58.0,74.0,58.0,35.0,93.0,100.0,2.0,20.0,3.0,4.0,11.0,1.0,success,success,success,
false,19,2,composite,ci-composite.yml,33531819793,1,https://github.com/jelenadoric/diplomski-task-manager/actions/runs/33531819793,a693c3be73089c158f0cb556b9358606c895662a,success,true,2026-09-01T16:26:50Z,2026-09-01T16:26:54Z,2026-09-01T16:27:40Z,2026-09-01T16:27:46Z,4.0,46.0,56.0,46.0,26.0,72.0,76.0,5.0,21.0,4.0,4.0,10.0,1.0,success,success,success,
false,19,3,reusable,ci-reusable.yml,33531931203,1,https://github.com/jelenadoric/diplomski-task-manager/actions/runs/33531931203,a693c3be73089c158f0cb556b9358606c895662a,success,true,2026-09-01T16:27:58Z,2026-09-01T16:28:03Z,2026-09-01T16:28:53Z,2026-09-01T16:29:03Z,5.0,50.0,65.0,49.0,26.0,75.0,81.0,4.0,21.0,3.0,3.0,10.0,0.0,success,success,success,
false,20,1,composite,ci-composite.yml,33532063744,1,https://github.com/jelenadoric/diplomski-task-manager/actions/runs/33532063744,a693c3be73089c158f0cb556b9358606c895662a,success,true,2026-09-01T16:29:17Z,2026-09-01T16:29:21Z,2026-09-01T16:30:17Z,2026-09-01T16:30:27Z,4.0,56.0,70.0,55.0,32.0,87.0,94.0,5.0,20.0,4.0,3.0,12.0,0.0,success,success,success,
false,20,2,reusable,ci-reusable.yml,33532203388,1,https://github.com/jelenadoric/diplomski-task-manager/actions/runs/33532203388,a693c3be73089c158f0cb556b9358606c895662a,success,true,2026-09-01T16:30:36Z,2026-09-01T16:30:45Z,2026-09-01T16:31:33Z,2026-09-01T16:31:43Z,9.0,48.0,67.0,48.0,30.0,78.0,85.0,4.0,20.0,4.0,3.0,10.0,1.0,success,success,success,
false,20,3,baseline,ci-baseline.yml,33532338857,1,https://github.com/jelenadoric/diplomski-task-manager/actions/runs/33532338857,a693c3be73089c158f0cb556b9358606c895662a,success,true,2026-09-01T16:31:55Z,2026-09-01T16:31:59Z,2026-09-01T16:32:51Z,2026-09-01T16:32:57Z,4.0,52.0,62.0,52.0,36.0,88.0,92.0,4.0,24.0,3.0,3.0,11.0,0.0,success,success,success,
false,21,1,reusable,ci-reusable.yml,33532454313,1,https://github.com/jelenadoric/diplomski-task-manager/actions/runs/33532454313,a693c3be73089c158f0cb556b9358606c895662a,success,true,2026-09-01T16:33:04Z,2026-09-01T16:33:07Z,2026-09-01T16:33:52Z,2026-09-01T16:34:01Z,3.0,45.0,57.0,45.0,29.0,74.0,80.0,5.0,21.0,4.0,3.0,8.0,1.0,success,success,success,
false,21,2,baseline,ci-baseline.yml,33532569238,1,https://github.com/jelenadoric/diplomski-task-manager/actions/runs/33532569238,a693c3be73089c158f0cb556b9358606c895662a,success,true,2026-09-01T16:34:13Z,2026-09-01T16:34:17Z,2026-09-01T16:35:07Z,2026-09-01T16:35:18Z,4.0,50.0,65.0,50.0,27.0,77.0,85.0,3.0,23.0,3.0,2.0,8.0,0.0,success,success,success,
false,21,3,composite,ci-composite.yml,33532703125,1,https://github.com/jelenadoric/diplomski-task-manager/actions/runs/33532703125,a693c3be73089c158f0cb556b9358606c895662a,success,true,2026-09-01T16:35:33Z,2026-09-01T16:35:37Z,2026-09-01T16:36:24Z,2026-09-01T16:36:33Z,4.0,47.0,60.0,47.0,26.0,73.0,79.0,3.0,21.0,3.0,4.0,9.0,0.0,success,success,success,
false,22,1,baseline,ci-baseline.yml,33532816354,1,https://github.com/jelenadoric/diplomski-task-manager/actions/runs/33532816354,a693c3be73089c158f0cb556b9358606c895662a,success,true,2026-09-01T16:36:41Z,2026-09-01T16:36:45Z,2026-09-01T16:37:33Z,2026-09-01T16:37:41Z,4.0,48.0,60.0,48.0,33.0,81.0,86.0,3.0,21.0,3.0,3.0,11.0,1.0,success,success,success,
false,22,2,composite,ci-composite.yml,33532931322,1,https://github.com/jelenadoric/diplomski-task-manager/actions/runs/33532931322,a693c3be73089c158f0cb556b9358606c895662a,success,true,2026-09-01T16:37:51Z,2026-09-01T16:37:55Z,2026-09-01T16:38:40Z,2026-09-01T16:38:49Z,4.0,45.0,58.0,45.0,32.0,77.0,84.0,5.0,21.0,3.0,3.0,7.0,0.0,success,success,success,
false,22,3,reusable,ci-reusable.yml,33533043243,1,https://github.com/jelenadoric/diplomski-task-manager/actions/runs/33533043243,a693c3be73089c158f0cb556b9358606c895662a,success,true,2026-09-01T16:38:59Z,2026-09-01T16:39:03Z,2026-09-01T16:39:50Z,2026-09-01T16:39:58Z,4.0,47.0,59.0,47.0,26.0,73.0,78.0,3.0,21.0,6.0,3.0,9.0,1.0,success,success,success,
false,23,1,composite,ci-composite.yml,33533160016,1,https://github.com/jelenadoric/diplomski-task-manager/actions/runs/33533160016,a693c3be73089c158f0cb556b9358606c895662a,success,true,2026-09-01T16:40:08Z,2026-09-01T16:40:12Z,2026-09-01T16:41:02Z,2026-09-01T16:41:12Z,4.0,50.0,64.0,50.0,24.0,74.0,80.0,4.0,21.0,4.0,3.0,9.0,1.0,success,success,success,
false,23,2,reusable,ci-reusable.yml,33533300004,1,https://github.com/jelenadoric/diplomski-task-manager/actions/runs/33533300004,a693c3be73089c158f0cb556b9358606c895662a,success,true,2026-09-01T16:41:27Z,2026-09-01T16:41:31Z,2026-09-01T16:42:16Z,2026-09-01T16:42:26Z,4.0,45.0,59.0,45.0,25.0,70.0,77.0,4.0,22.0,3.0,3.0,10.0,1.0,success,success,success,
false,23,3,baseline,ci-baseline.yml,33533418551,1,https://github.com/jelenadoric/diplomski-task-manager/actions/runs/33533418551,a693c3be73089c158f0cb556b9358606c895662a,success,true,2026-09-01T16:42:37Z,2026-09-01T16:42:41Z,2026-09-01T16:43:38Z,2026-09-01T16:43:46Z,4.0,57.0,69.0,56.0,28.0,84.0,90.0,5.0,23.0,3.0,2.0,9.0,0.0,success,success,success,
false,24,1,reusable,ci-reusable.yml,33533548812,1,https://github.com/jelenadoric/diplomski-task-manager/actions/runs/33533548812,a693c3be73089c158f0cb556b9358606c895662a,success,true,2026-09-01T16:43:56Z,2026-09-01T16:44:00Z,2026-09-01T16:44:47Z,2026-09-01T16:44:53Z,4.0,47.0,57.0,47.0,26.0,73.0,76.0,4.0,22.0,4.0,3.0,10.0,1.0,success,success,success,
false,24,2,baseline,ci-baseline.yml,33533662718,1,https://github.com/jelenadoric/diplomski-task-manager/actions/runs/33533662718,a693c3be73089c158f0cb556b9358606c895662a,success,true,2026-09-01T16:45:05Z,2026-09-01T16:45:09Z,2026-09-01T16:46:00Z,2026-09-01T16:46:09Z,4.0,51.0,64.0,51.0,36.0,87.0,93.0,3.0,24.0,3.0,3.0,11.0,1.0,success,success,success,
false,24,3,composite,ci-composite.yml,33533798371,1,https://github.com/jelenadoric/diplomski-task-manager/actions/runs/33533798371,a693c3be73089c158f0cb556b9358606c895662a,success,true,2026-09-01T16:46:24Z,2026-09-01T16:46:28Z,2026-09-01T16:48:14Z,2026-09-01T16:48:21Z,4.0,106.0,117.0,106.0,26.0,132.0,137.0,4.0,59.0,4.0,4.0,9.0,0.0,success,success,success,
false,25,1,baseline,ci-baseline.yml,33534017762,1,https://github.com/jelenadoric/diplomski-task-manager/actions/runs/33534017762,a693c3be73089c158f0cb556b9358606c895662a,success,true,2026-09-01T16:48:36Z,2026-09-01T16:48:40Z,2026-09-01T16:49:35Z,2026-09-01T16:49:42Z,4.0,55.0,66.0,55.0,36.0,91.0,96.0,4.0,23.0,3.0,3.0,12.0,0.0,success,success,success,
false,25,2,composite,ci-composite.yml,33534151145,1,https://github.com/jelenadoric/diplomski-task-manager/actions/runs/33534151145,a693c3be73089c158f0cb556b9358606c895662a,success,true,2026-09-01T16:49:55Z,2026-09-01T16:49:59Z,2026-09-01T16:50:42Z,2026-09-01T16:50:48Z,4.0,43.0,53.0,43.0,26.0,69.0,73.0,5.0,22.0,3.0,3.0,9.0,1.0,success,success,success,
false,25,3,reusable,ci-reusable.yml,33534269584,1,https://github.com/jelenadoric/diplomski-task-manager/actions/runs/33534269584,a693c3be73089c158f0cb556b9358606c895662a,success,true,2026-09-01T16:51:04Z,2026-09-01T16:51:09Z,2026-09-01T16:51:57Z,2026-09-01T16:52:03Z,5.0,48.0,59.0,47.0,28.0,75.0,78.0,5.0,21.0,4.0,4.0,10.0,1.0,success,success,success,
false,26,1,composite,ci-composite.yml,33534384980,1,https://github.com/jelenadoric/diplomski-task-manager/actions/runs/33534384980,a693c3be73089c158f0cb556b9358606c895662a,success,true,2026-09-01T16:52:13Z,2026-09-01T16:52:17Z,2026-09-01T16:53:09Z,2026-09-01T16:53:20Z,4.0,52.0,67.0,52.0,30.0,82.0,90.0,3.0,21.0,4.0,3.0,11.0,1.0,success,success,success,
false,26,2,reusable,ci-reusable.yml,33534514989,1,https://github.com/jelenadoric/diplomski-task-manager/actions/runs/33534514989,a693c3be73089c158f0cb556b9358606c895662a,success,true,2026-09-01T16:53:33Z,2026-09-01T16:53:37Z,2026-09-01T16:54:49Z,2026-09-01T16:54:56Z,4.0,72.0,83.0,72.0,28.0,100.0,105.0,3.0,30.0,4.0,3.0,10.0,1.0,success,success,success,
false,26,3,baseline,ci-baseline.yml,33534662036,1,https://github.com/jelenadoric/diplomski-task-manager/actions/runs/33534662036,a693c3be73089c158f0cb556b9358606c895662a,success,true,2026-09-01T16:55:02Z,2026-09-01T16:55:05Z,2026-09-01T16:55:55Z,2026-09-01T16:56:02Z,3.0,50.0,60.0,49.0,29.0,78.0,83.0,3.0,22.0,4.0,3.0,10.0,0.0,success,success,success,
false,27,1,reusable,ci-reusable.yml,33534776074,1,https://github.com/jelenadoric/diplomski-task-manager/actions/runs/33534776074,a693c3be73089c158f0cb556b9358606c895662a,success,true,2026-09-01T16:56:10Z,2026-09-01T16:56:14Z,2026-09-01T16:57:25Z,2026-09-01T16:57:33Z,4.0,71.0,83.0,71.0,28.0,99.0,104.0,4.0,27.0,3.0,3.0,10.0,1.0,success,success,success,
false,27,2,baseline,ci-baseline.yml,33534927214,1,https://github.com/jelenadoric/diplomski-task-manager/actions/runs/33534927214,a693c3be73089c158f0cb556b9358606c895662a,success,true,2026-09-01T16:57:40Z,2026-09-01T16:57:44Z,2026-09-01T16:58:38Z,2026-09-01T16:58:44Z,4.0,54.0,64.0,54.0,29.0,83.0,87.0,3.0,25.0,2.0,2.0,11.0,1.0,success,success,success,
false,27,3,composite,ci-composite.yml,33535056214,1,https://github.com/jelenadoric/diplomski-task-manager/actions/runs/33535056214,a693c3be73089c158f0cb556b9358606c895662a,success,true,2026-09-01T16:58:59Z,2026-09-01T16:59:03Z,2026-09-01T16:59:50Z,2026-09-01T16:59:57Z,4.0,47.0,58.0,46.0,32.0,78.0,82.0,4.0,21.0,4.0,3.0,11.0,1.0,success,success,success,
false,28,1,baseline,ci-baseline.yml,33535172367,1,https://github.com/jelenadoric/diplomski-task-manager/actions/runs/33535172367,a693c3be73089c158f0cb556b9358606c895662a,success,true,2026-09-01T17:00:09Z,2026-09-01T17:00:15Z,2026-09-01T17:01:11Z,2026-09-01T17:01:21Z,6.0,56.0,72.0,56.0,31.0,87.0,94.0,3.0,24.0,3.0,3.0,8.0,0.0,success,success,success,
false,28,2,composite,ci-composite.yml,33535311850,1,https://github.com/jelenadoric/diplomski-task-manager/actions/runs/33535311850,a693c3be73089c158f0cb556b9358606c895662a,success,true,2026-09-01T17:01:28Z,2026-09-01T17:01:33Z,2026-09-01T17:02:28Z,2026-09-01T17:02:35Z,5.0,55.0,67.0,54.0,28.0,82.0,86.0,5.0,20.0,4.0,5.0,10.0,0.0,success,success,success,
false,28,3,reusable,ci-reusable.yml,33535444292,1,https://github.com/jelenadoric/diplomski-task-manager/actions/runs/33535444292,a693c3be73089c158f0cb556b9358606c895662a,success,true,2026-09-01T17:02:48Z,2026-09-01T17:02:52Z,2026-09-01T17:03:41Z,2026-09-01T17:03:51Z,4.0,49.0,63.0,49.0,25.0,74.0,81.0,3.0,22.0,4.0,3.0,9.0,1.0,success,success,success,
false,29,1,composite,ci-composite.yml,33535573016,1,https://github.com/jelenadoric/diplomski-task-manager/actions/runs/33535573016,a693c3be73089c158f0cb556b9358606c895662a,success,true,2026-09-01T17:04:07Z,2026-09-01T17:04:10Z,2026-09-01T17:05:10Z,2026-09-01T17:05:20Z,3.0,60.0,73.0,60.0,32.0,92.0,98.0,3.0,29.0,4.0,3.0,12.0,1.0,success,success,success,
false,29,2,reusable,ci-reusable.yml,33535707874,1,https://github.com/jelenadoric/diplomski-task-manager/actions/runs/33535707874,a693c3be73089c158f0cb556b9358606c895662a,success,true,2026-09-01T17:05:27Z,2026-09-01T17:05:32Z,2026-09-01T17:06:24Z,2026-09-01T17:06:30Z,5.0,52.0,63.0,52.0,37.0,89.0,92.0,4.0,21.0,8.0,2.0,6.0,1.0,success,success,success,
false,29,3,baseline,ci-baseline.yml,33535823585,1,https://github.com/jelenadoric/diplomski-task-manager/actions/runs/33535823585,a693c3be73089c158f0cb556b9358606c895662a,success,true,2026-09-01T17:06:38Z,2026-09-01T17:06:41Z,2026-09-01T17:07:32Z,2026-09-01T17:07:39Z,3.0,51.0,61.0,51.0,31.0,82.0,86.0,3.0,24.0,3.0,3.0,12.0,1.0,success,success,success,
false,30,1,reusable,ci-reusable.yml,33535936667,1,https://github.com/jelenadoric/diplomski-task-manager/actions/runs/33535936667,a693c3be73089c158f0cb556b9358606c895662a,success,true,2026-09-01T17:07:47Z,2026-09-01T17:07:51Z,2026-09-01T17:08:49Z,2026-09-01T17:08:58Z,4.0,58.0,71.0,58.0,23.0,81.0,87.0,5.0,21.0,3.0,3.0,10.0,1.0,success,success,success,
false,30,2,baseline,ci-baseline.yml,33536066444,1,https://github.com/jelenadoric/diplomski-task-manager/actions/runs/33536066444,a693c3be73089c158f0cb556b9358606c895662a,success,true,2026-09-01T17:09:07Z,2026-09-01T17:09:11Z,2026-09-01T17:10:02Z,2026-09-01T17:10:11Z,4.0,51.0,64.0,51.0,29.0,80.0,87.0,3.0,24.0,4.0,3.0,10.0,1.0,success,success,success,
false,30,3,composite,ci-composite.yml,33536204082,1,https://github.com/jelenadoric/diplomski-task-manager/actions/runs/33536204082,a693c3be73089c158f0cb556b9358606c895662a,success,true,2026-09-01T17:10:27Z,2026-09-01T17:10:33Z,2026-09-01T17:11:22Z,2026-09-01T17:11:29Z,6.0,49.0,62.0,49.0,25.0,74.0,79.0,4.0,20.0,4.0,2.0,9.0,1.0,success,success,success,
